STATUS, ITERATION, CLIENT, DATE, READY AFTER(MS), WATINGTIME(MS), ESTIMATED ACCESS AFTER(MS), ESTIMATED MAX DELAY(MS)
STATUS, connected, puppeteer_HL, 2024-07-26T09:39:21.138Z
STATUS, connected, OpenWPM_HL, 2024-07-26T09:39:21.225Z
STATUS, connected, puppeteer, 2024-07-26T09:39:23.947Z
STATUS, connected, OpenWPM, 2024-07-26T09:39:24.175Z
STATUS, ping, puppeteer_HL, 2024-07-26T09:39:24.176Z, 0.5
STATUS, ping, OpenWPM_HL, 2024-07-26T09:39:24.177Z, 1
STATUS, ping, puppeteer, 2024-07-26T09:39:24.178Z, 1.5
STATUS, ping, OpenWPM, 2024-07-26T09:39:24.180Z, 2.5
CALIBRATION, #0,puppeteer_HL,2024-07-26T09:39:33.918Z, 939, 0, 6376, 6428, 1073
CALIBRATION, #0,OpenWPM_HL,2024-07-26T09:39:34.991Z, 5956, 0, 7449, 7406, 1073
CALIBRATION, #0,puppeteer,2024-07-26T09:39:33.923Z, 1579, 0, 6381, 6435, 1073
CALIBRATION, #0,OpenWPM,2024-07-26T09:39:34.562Z, 6368, 0, 7020, 6983, 1073
CALIBRATION, #1,puppeteer_HL,2024-07-26T09:40:08.631Z, 762, 0, 5915, 5994, 892
CALIBRATION, #1,OpenWPM_HL,2024-07-26T09:40:09.516Z, 4675, 0, 6800, 6765, 892
CALIBRATION, #1,puppeteer,2024-07-26T09:40:08.624Z, 1238, 0, 5908, 5948, 892
CALIBRATION, #1,OpenWPM,2024-07-26T09:40:09.313Z, 5897, 0, 6597, 6564, 892
CALIBRATION, #2,puppeteer_HL,2024-07-26T09:40:33.784Z, 763, 0, 6119, 6156, 523
CALIBRATION, #2,OpenWPM_HL,2024-07-26T09:40:34.307Z, 4807, 0, 6642, 6597, 523
CALIBRATION, #2,puppeteer,2024-07-26T09:40:33.786Z, 1249, 0, 6121, 6181, 523
CALIBRATION, #2,OpenWPM,2024-07-26T09:40:34.213Z, 6112, 0, 6548, 6496, 523
CALIBRATION, #3,puppeteer_HL,2024-07-26T09:40:58.959Z, 1293, 0, 6521, 6563, 339
CALIBRATION, #3,OpenWPM_HL,2024-07-26T09:40:59.105Z, 5016, 0, 6667, 6609, 339
CALIBRATION, #3,puppeteer,2024-07-26T09:40:58.969Z, 1802, 0, 6531, 6590, 339
CALIBRATION, #3,OpenWPM,2024-07-26T09:40:59.298Z, 6515, 0, 6860, 6819, 339
CALIBRATION, #4,puppeteer_HL,2024-07-26T09:41:24.018Z, 784, 0, 6616, 6678, 579
CALIBRATION, #4,OpenWPM_HL,2024-07-26T09:41:24.597Z, 5335, 0, 7195, 7144, 579
CALIBRATION, #4,puppeteer,2024-07-26T09:41:24.027Z, 1722, 0, 6625, 6667, 579
CALIBRATION, #4,OpenWPM,2024-07-26T09:41:24.381Z, 6609, 0, 6979, 6952, 579
CALIBRATION, #5,puppeteer_HL,2024-07-26T09:41:49.248Z, 1090, 0, 6563, 6686, 588
CALIBRATION, #5,OpenWPM_HL,2024-07-26T09:41:49.360Z, 4722, 0, 6675, 6567, 588
CALIBRATION, #5,puppeteer,2024-07-26T09:41:49.246Z, 1400, 0, 6561, 6623, 588
CALIBRATION, #5,OpenWPM,2024-07-26T09:41:49.834Z, 6552, 0, 7149, 7103, 588
CALIBRATION, #6,puppeteer_HL,2024-07-26T09:42:14.095Z, 680, 0, 6124, 6185, 786
CALIBRATION, #6,OpenWPM_HL,2024-07-26T09:42:14.195Z, 4342, 0, 6224, 6122, 786
CALIBRATION, #6,puppeteer,2024-07-26T09:42:14.092Z, 1425, 0, 6121, 6173, 786
CALIBRATION, #6,OpenWPM,2024-07-26T09:42:14.878Z, 6112, 0, 6907, 6880, 786
CALIBRATION, #7,puppeteer_HL,2024-07-26T09:42:39.499Z, 1030, 0, 6459, 6508, 506
CALIBRATION, #7,OpenWPM_HL,2024-07-26T09:42:40.005Z, 4862, 0, 6965, 6912, 506
CALIBRATION, #7,puppeteer,2024-07-26T09:42:39.524Z, 1470, 0, 6484, 6527, 506
CALIBRATION, #7,OpenWPM,2024-07-26T09:42:39.959Z, 6453, 0, 6919, 6872, 506
CALIBRATION, #8,puppeteer_HL,2024-07-26T09:43:03.878Z, 1173, 0, 5708, 5738, 1063
CALIBRATION, #8,OpenWPM_HL,2024-07-26T09:43:04.941Z, 4888, 0, 6771, 6734, 1063
CALIBRATION, #8,puppeteer,2024-07-26T09:43:03.881Z, 1642, 0, 5711, 5786, 1063
CALIBRATION, #8,OpenWPM,2024-07-26T09:43:04.310Z, 5699, 0, 6140, 6109, 1063
CALIBRATION, #9,puppeteer_HL,2024-07-26T09:43:29.175Z, 1102, 0, 6110, 6151, 563
CALIBRATION, #9,OpenWPM_HL,2024-07-26T09:43:29.738Z, 4836, 0, 6673, 6631, 563
CALIBRATION, #9,puppeteer,2024-07-26T09:43:29.179Z, 1502, 0, 6114, 6158, 563
CALIBRATION, #9,OpenWPM,2024-07-26T09:43:29.528Z, 6101, 0, 6463, 6431, 563
STATUS NEWURL, url#1 google.com, , 2024-07-26T09:43:47.831Z
CRAWLED, url#1, puppeteer_HL, 2024-07-26T09:43:56.225Z, 1046, 555, 8336, 8394, 2033
CRAWLED, url#1, OpenWPM_HL, 2024-07-26T09:43:54.322Z, 4878, 0, 6548, 6491, 2033
CRAWLED, url#1, puppeteer, 2024-07-26T09:43:56.465Z, 1241, 550, 8581, 8634, 2033
CRAWLED, url#1, OpenWPM, 2024-07-26T09:43:54.403Z, 6171, 48, 6609, 6572, 2033
STATUS NEWURL, url#2 a-msedge.net, , 2024-07-26T09:44:17.611Z
CRAWLED, url#2, puppeteer_HL, 2024-07-26T09:44:17.610Z, 755, 555, -59, undefined, 6659
CRAWLED, url#2, OpenWPM_HL, 2024-07-26T09:44:24.154Z, 4799, 0, 6600, 6543, 6659
CRAWLED, url#2, puppeteer, 2024-07-26T09:44:17.610Z, 1089, 550, -54, undefined, 6659
CRAWLED, url#2, OpenWPM, 2024-07-26T09:44:24.086Z, 5976, 48, 6512, 6475, 6659
STATUS NEWURL, url#3 microsoft.com, , 2024-07-26T09:44:37.363Z
CRAWLED, url#3, puppeteer_HL, 2024-07-26T09:44:46.768Z, 816, 555, 9347, 9405, 2803
CRAWLED, url#3, OpenWPM_HL, 2024-07-26T09:44:44.310Z, 4799, 0, 7004, 6947, 2803
CRAWLED, url#3, puppeteer, 2024-07-26T09:44:46.715Z, 1414, 550, 9299, 9352, 2803
CRAWLED, url#3, OpenWPM, 2024-07-26T09:44:43.870Z, 6043, 48, 6544, 6507, 2803
STATUS NEWURL, url#4 facebook.com, , 2024-07-26T09:45:07.481Z
CRAWLED, url#4, puppeteer_HL, 2024-07-26T09:45:15.447Z, 823, 555, 7908, 7966, 1541
CRAWLED, url#4, OpenWPM_HL, 2024-07-26T09:45:13.907Z, 4681, 0, 6483, 6426, 1541
CRAWLED, url#4, puppeteer, 2024-07-26T09:45:15.483Z, 1245, 550, 7949, 8002, 1541
CRAWLED, url#4, OpenWPM, 2024-07-26T09:45:13.852Z, 5777, 48, 6408, 6371, 1541
STATUS NEWURL, url#5 amazonaws.com, , 2024-07-26T09:45:47.048Z
CRAWLED, url#5, puppeteer_HL, 2024-07-26T09:46:00.540Z, 804, 555, 13433, 13491, 7093
CRAWLED, url#5, OpenWPM_HL, 2024-07-26T09:45:53.462Z, 4421, 0, 6470, 6413, 7093
CRAWLED, url#5, puppeteer, 2024-07-26T09:45:59.503Z, 1226, 550, 12401, 12454, 7093
CRAWLED, url#5, OpenWPM, 2024-07-26T09:45:53.352Z, 5772, 48, 6340, 6303, 7093
STATUS NEWURL, url#6 googleapis.com, , 2024-07-26T09:46:26.595Z
CRAWLED, url#6, puppeteer_HL, 2024-07-26T09:46:33.473Z, 698, 555, 6819, 6877, 389
CRAWLED, url#6, OpenWPM_HL, 2024-07-26T09:46:33.297Z, 4962, 0, 6758, 6701, 389
CRAWLED, url#6, puppeteer, 2024-07-26T09:46:33.477Z, 1259, 550, 6828, 6881, 389
CRAWLED, url#6, OpenWPM, 2024-07-26T09:46:32.998Z, 5997, 48, 6439, 6402, 389
STATUS NEWURL, url#7 apple.com, , 2024-07-26T09:46:51.431Z
CRAWLED, url#7, puppeteer_HL, 2024-07-26T09:46:59.656Z, 785, 555, 8166, 8224, 2059
CRAWLED, url#7, OpenWPM_HL, 2024-07-26T09:46:57.802Z, 4431, 0, 6427, 6370, 2059
CRAWLED, url#7, puppeteer, 2024-07-26T09:46:59.971Z, 1165, 550, 8486, 8539, 2059
CRAWLED, url#7, OpenWPM, 2024-07-26T09:46:57.910Z, 5592, 48, 6515, 6478, 2059
STATUS NEWURL, url#8 youtube.com, , 2024-07-26T09:47:21.076Z
CRAWLED, url#8, puppeteer_HL, 2024-07-26T09:47:31.672Z, 988, 555, 10538, 10596, 4099
CRAWLED, url#8, OpenWPM_HL, 2024-07-26T09:47:27.733Z, 4777, 0, 6714, 6657, 4099
CRAWLED, url#8, puppeteer, 2024-07-26T09:47:30.765Z, 1397, 550, 9636, 9689, 4099
CRAWLED, url#8, OpenWPM, 2024-07-26T09:47:27.478Z, 5920, 48, 6439, 6402, 4099
STATUS NEWURL, url#9 root-servers.net, , 2024-07-26T09:47:50.919Z
CRAWLED, url#9, puppeteer_HL, 2024-07-26T09:47:50.918Z, 1328, 555, -59, undefined, 7247
CRAWLED, url#9, OpenWPM_HL, 2024-07-26T09:47:58.050Z, 5487, 0, 7188, 7131, 7247
CRAWLED, url#9, puppeteer, 2024-07-26T09:47:50.918Z, 1750, 550, -54, undefined, 7247
CRAWLED, url#9, OpenWPM, 2024-07-26T09:47:57.889Z, 6583, 48, 7007, 6970, 7247
STATUS NEWURL, url#10 akamai.net, , 2024-07-26T09:48:21.038Z
CRAWLED, url#10, puppeteer_HL, 2024-07-26T09:48:21.038Z, 1211, 555, -59, undefined, 6825
CRAWLED, url#10, OpenWPM_HL, 2024-07-26T09:48:27.748Z, 5392, 0, 6766, 6709, 6825
CRAWLED, url#10, puppeteer, 2024-07-26T09:48:21.038Z, 1716, 550, -54, undefined, 6825
CRAWLED, url#10, OpenWPM, 2024-07-26T09:48:27.595Z, 5933, 48, 6593, 6556, 6825
STATUS NEWURL, url#11 akamaiedge.net, , 2024-07-26T09:48:50.877Z
CRAWLED, url#11, puppeteer_HL, 2024-07-26T09:48:50.877Z, 781, 555, -59, undefined, 6442
CRAWLED, url#11, OpenWPM_HL, 2024-07-26T09:48:57.204Z, 4655, 0, 6383, 6326, 6442
CRAWLED, url#11, puppeteer, 2024-07-26T09:48:50.877Z, 1320, 550, -54, undefined, 6442
CRAWLED, url#11, OpenWPM, 2024-07-26T09:48:57.173Z, 5647, 48, 6332, 6295, 6442
STATUS NEWURL, url#12 azure.com, , 2024-07-26T09:49:20.363Z
CRAWLED, url#12, puppeteer_HL, 2024-07-26T09:49:31.907Z, 715, 555, 11485, 11543, 6198
CRAWLED, url#12, OpenWPM_HL, 2024-07-26T09:49:27.074Z, 4567, 0, 6767, 6710, 6198
CRAWLED, url#12, puppeteer, 2024-07-26T09:49:33.262Z, 1426, 550, 12845, 12898, 6198
CRAWLED, url#12, OpenWPM, 2024-07-26T09:49:26.974Z, 5958, 48, 6647, 6610, 6198
STATUS NEWURL, url#13 twitter.com, , 2024-07-26T09:49:50.261Z
CRAWLED, url#13, puppeteer_HL, 2024-07-26T09:49:59.273Z, 827, 555, 8953, 9011, 2373
CRAWLED, url#13, OpenWPM_HL, 2024-07-26T09:49:57.373Z, 4935, 0, 7168, 7111, 2373
CRAWLED, url#13, puppeteer, 2024-07-26T09:49:59.676Z, 1282, 550, 9361, 9414, 2373
CRAWLED, url#13, OpenWPM, 2024-07-26T09:49:57.213Z, 6412, 48, 6988, 6951, 2373
STATUS NEWURL, url#14 cloudflare.com, , 2024-07-26T09:50:20.515Z
CRAWLED, url#14, puppeteer_HL, 2024-07-26T09:50:28.229Z, 1019, 555, 7656, 7714, 1041
CRAWLED, url#14, OpenWPM_HL, 2024-07-26T09:50:27.578Z, 5197, 0, 7120, 7063, 1041
CRAWLED, url#14, puppeteer, 2024-07-26T09:50:28.540Z, 1284, 550, 7972, 8025, 1041
CRAWLED, url#14, OpenWPM, 2024-07-26T09:50:27.409Z, 6435, 48, 6931, 6894, 1041
STATUS NEWURL, url#15 instagram.com, , 2024-07-26T09:50:45.710Z
CRAWLED, url#15, puppeteer_HL, 2024-07-26T09:50:53.666Z, 861, 555, 7897, 7955, 1543
CRAWLED, url#15, OpenWPM_HL, 2024-07-26T09:50:52.008Z, 4679, 0, 6354, 6297, 1543
CRAWLED, url#15, puppeteer, 2024-07-26T09:50:53.537Z, 1463, 550, 7773, 7826, 1543
CRAWLED, url#15, OpenWPM, 2024-07-26T09:50:52.406Z, 6291, 48, 6732, 6695, 1543
STATUS NEWURL, url#16 gstatic.com, , 2024-07-26T09:51:15.683Z
CRAWLED, url#16, puppeteer_HL, 2024-07-26T09:51:22.313Z, 1115, 555, 6572, 6630, 772
CRAWLED, url#16, OpenWPM_HL, 2024-07-26T09:51:22.563Z, 4666, 0, 6937, 6880, 772
CRAWLED, url#16, puppeteer, 2024-07-26T09:51:22.285Z, 1487, 550, 6549, 6602, 772
CRAWLED, url#16, OpenWPM, 2024-07-26T09:51:21.811Z, 5756, 48, 6165, 6128, 772
STATUS NEWURL, url#17 office.com, , 2024-07-26T09:51:49.969Z
CRAWLED, url#17, puppeteer_HL, 2024-07-26T09:51:58.694Z, 1181, 555, 8667, 8725, 2456
CRAWLED, url#17, OpenWPM_HL, 2024-07-26T09:51:56.309Z, 4949, 0, 6397, 6340, 2456
CRAWLED, url#17, puppeteer, 2024-07-26T09:51:58.875Z, 1414, 550, 8853, 8906, 2456
CRAWLED, url#17, OpenWPM, 2024-07-26T09:51:56.503Z, 6081, 48, 6571, 6534, 2456
STATUS NEWURL, url#18 linkedin.com, , 2024-07-26T09:52:29.470Z
CRAWLED, url#18, puppeteer_HL, 2024-07-26T09:52:38.401Z, 911, 555, 8873, 8931, 2858
CRAWLED, url#18, OpenWPM_HL, 2024-07-26T09:52:35.848Z, 4612, 0, 6435, 6378, 2858
CRAWLED, url#18, puppeteer, 2024-07-26T09:52:38.667Z, 1352, 550, 9144, 9197, 2858
CRAWLED, url#18, OpenWPM, 2024-07-26T09:52:35.719Z, 5974, 48, 6286, 6249, 2858
STATUS NEWURL, url#19 live.com, , 2024-07-26T09:52:59.030Z
CRAWLED, url#19, puppeteer_HL, 2024-07-26T09:53:12.497Z, 1426, 555, 13409, 13467, 7161
CRAWLED, url#19, OpenWPM_HL, 2024-07-26T09:53:05.917Z, 4970, 0, 6944, 6887, 7161
CRAWLED, url#19, puppeteer, 2024-07-26T09:53:12.778Z, 1445, 550, 13695, 13748, 7161
CRAWLED, url#19, OpenWPM, 2024-07-26T09:53:05.527Z, 6176, 48, 6534, 6497, 7161
STATUS NEWURL, url#20 tiktokcdn.com, , 2024-07-26T09:53:29.087Z
CRAWLED, url#20, puppeteer_HL, 2024-07-26T09:53:29.087Z, 1047, 555, -59, undefined, 6904
CRAWLED, url#20, OpenWPM_HL, 2024-07-26T09:53:35.876Z, 4679, 0, 6845, 6788, 6904
CRAWLED, url#20, puppeteer, 2024-07-26T09:53:29.087Z, 1128, 550, -54, undefined, 6904
CRAWLED, url#20, OpenWPM, 2024-07-26T09:53:35.430Z, 5922, 48, 6379, 6342, 6904
STATUS NEWURL, url#21 windowsupdate.com, , 2024-07-26T09:53:49.046Z
CRAWLED, url#21, puppeteer_HL, 2024-07-26T09:53:49.046Z, 776, 555, -59, undefined, 6595
CRAWLED, url#21, OpenWPM_HL, 2024-07-26T09:53:55.294Z, 4233, 0, 6304, 6247, 6595
CRAWLED, url#21, puppeteer, 2024-07-26T09:53:49.046Z, 1152, 550, -54, undefined, 6595
CRAWLED, url#21, OpenWPM, 2024-07-26T09:53:55.546Z, 5787, 48, 6536, 6499, 6595
STATUS NEWURL, url#22 googlevideo.com, , 2024-07-26T09:54:18.724Z
CRAWLED, url#22, puppeteer_HL, 2024-07-26T09:54:27.044Z, 764, 555, 8262, 8320, 1742
CRAWLED, url#22, OpenWPM_HL, 2024-07-26T09:54:25.194Z, 4529, 0, 6527, 6470, 1742
CRAWLED, url#22, puppeteer, 2024-07-26T09:54:27.046Z, 1460, 550, 8269, 8322, 1742
CRAWLED, url#22, OpenWPM, 2024-07-26T09:54:25.301Z, 5852, 48, 6614, 6577, 1742
STATUS NEWURL, url#23 fbcdn.net, , 2024-07-26T09:54:58.386Z
CRAWLED, url#23, puppeteer_HL, 2024-07-26T09:55:06.344Z, 1456, 555, 7900, 7958, 1589
CRAWLED, url#23, OpenWPM_HL, 2024-07-26T09:55:04.910Z, 4649, 0, 6581, 6524, 1589
CRAWLED, url#23, puppeteer, 2024-07-26T09:55:06.384Z, 1778, 550, 7945, 7998, 1589
CRAWLED, url#23, OpenWPM, 2024-07-26T09:55:04.705Z, 5919, 48, 6356, 6319, 1589
STATUS NEWURL, url#24 akadns.net, , 2024-07-26T09:55:37.859Z
CRAWLED, url#24, puppeteer_HL, 2024-07-26T09:55:37.859Z, 944, 555, -59, undefined, 6589
CRAWLED, url#24, OpenWPM_HL, 2024-07-26T09:55:44.333Z, 4910, 0, 6530, 6473, 6589
CRAWLED, url#24, puppeteer, 2024-07-26T09:55:37.859Z, 1134, 550, -54, undefined, 6589
CRAWLED, url#24, OpenWPM, 2024-07-26T09:55:44.348Z, 6060, 48, 6525, 6488, 6589
STATUS NEWURL, url#25 googletagmanager.com, , 2024-07-26T09:56:07.497Z
CRAWLED, url#25, puppeteer_HL, 2024-07-26T09:56:14.581Z, 928, 555, 7026, 7084, 264
CRAWLED, url#25, OpenWPM_HL, 2024-07-26T09:56:14.409Z, 4858, 0, 6969, 6912, 264
CRAWLED, url#25, puppeteer, 2024-07-26T09:56:14.557Z, 1337, 550, 7007, 7060, 264
CRAWLED, url#25, OpenWPM, 2024-07-26T09:56:14.222Z, 6271, 48, 6762, 6725, 264
STATUS NEWURL, url#26 gtld-servers.net, , 2024-07-26T09:56:42.561Z
CRAWLED, url#26, puppeteer_HL, 2024-07-26T09:56:42.560Z, 794, 555, -59, undefined, 6620
CRAWLED, url#26, OpenWPM_HL, 2024-07-26T09:56:49.062Z, 4594, 0, 6558, 6501, 6620
CRAWLED, url#26, puppeteer, 2024-07-26T09:56:42.560Z, 1214, 550, -54, undefined, 6620
CRAWLED, url#26, OpenWPM, 2024-07-26T09:56:49.085Z, 5958, 48, 6561, 6524, 6620
STATUS NEWURL, url#27 amazon.com, , 2024-07-26T09:57:12.310Z
CRAWLED, url#27, puppeteer_HL, 2024-07-26T09:57:22.260Z, 1214, 555, 9891, 9949, 3807
CRAWLED, url#27, OpenWPM_HL, 2024-07-26T09:57:18.338Z, 4270, 0, 6084, 6027, 3807
CRAWLED, url#27, puppeteer, 2024-07-26T09:57:22.037Z, 1448, 550, 9673, 9726, 3807
CRAWLED, url#27, OpenWPM, 2024-07-26T09:57:18.909Z, 6017, 48, 6635, 6598, 3807
STATUS NEWURL, url#28 bing.com, , 2024-07-26T09:57:52.112Z
CRAWLED, url#28, puppeteer_HL, 2024-07-26T09:57:59.501Z, 1494, 555, 7331, 7389, 682
CRAWLED, url#28, OpenWPM_HL, 2024-07-26T09:57:59.142Z, 5124, 0, 7087, 7030, 682
CRAWLED, url#28, puppeteer, 2024-07-26T09:57:59.481Z, 1676, 550, 7316, 7369, 682
CRAWLED, url#28, OpenWPM, 2024-07-26T09:57:58.724Z, 6433, 48, 6649, 6612, 682
STATUS NEWURL, url#29 l-msedge.net, , 2024-07-26T09:58:27.309Z
CRAWLED, url#29, puppeteer_HL, 2024-07-26T09:58:27.309Z, 976, 555, -59, undefined, 6707
CRAWLED, url#29, OpenWPM_HL, 2024-07-26T09:58:33.901Z, 4582, 0, 6648, 6591, 6707
CRAWLED, url#29, puppeteer, 2024-07-26T09:58:27.309Z, 1157, 550, -54, undefined, 6707
CRAWLED, url#29, OpenWPM, 2024-07-26T09:58:33.791Z, 5849, 48, 6518, 6481, 6707
STATUS NEWURL, url#30 wikipedia.org, , 2024-07-26T09:58:47.086Z
CRAWLED, url#30, puppeteer_HL, 2024-07-26T09:58:56.909Z, 811, 555, 9765, 9823, 3347
CRAWLED, url#30, OpenWPM_HL, 2024-07-26T09:58:53.702Z, 5187, 0, 6673, 6616, 3347
CRAWLED, url#30, puppeteer, 2024-07-26T09:58:57.038Z, 1200, 550, 9899, 9952, 3347
CRAWLED, url#30, OpenWPM, 2024-07-26T09:58:53.601Z, 6290, 48, 6552, 6515, 3347
STATUS NEWURL, url#31 microsoftonline.com, , 2024-07-26T09:59:21.793Z
CRAWLED, url#31, puppeteer_HL, 2024-07-26T09:59:21.792Z, 667, 555, -59, undefined, 7129
CRAWLED, url#31, OpenWPM_HL, 2024-07-26T09:59:28.806Z, 4931, 0, 7070, 7013, 7129
CRAWLED, url#31, puppeteer, 2024-07-26T09:59:21.792Z, 1364, 550, -54, undefined, 7129
CRAWLED, url#31, OpenWPM, 2024-07-26T09:59:28.380Z, 5933, 48, 6624, 6587, 7129
STATUS NEWURL, url#32 doubleclick.net, , 2024-07-26T09:59:41.996Z
CRAWLED, url#32, puppeteer_HL, 2024-07-26T09:59:49.731Z, 923, 555, 7677, 7735, 1232
CRAWLED, url#32, OpenWPM_HL, 2024-07-26T09:59:48.774Z, 4719, 0, 6835, 6778, 1232
CRAWLED, url#32, puppeteer, 2024-07-26T09:59:49.637Z, 1292, 550, 7588, 7641, 1232
CRAWLED, url#32, OpenWPM, 2024-07-26T09:59:48.404Z, 5999, 48, 6445, 6408, 1232
STATUS NEWURL, url#33 trafficmanager.net, , 2024-07-26T10:00:11.946Z
CRAWLED, url#33, puppeteer_HL, 2024-07-26T10:00:11.945Z, 1076, 555, -59, undefined, 7158
CRAWLED, url#33, OpenWPM_HL, 2024-07-26T10:00:18.988Z, 5260, 0, 7099, 7042, 7158
CRAWLED, url#33, puppeteer, 2024-07-26T10:00:11.945Z, 1174, 550, -54, undefined, 7158
CRAWLED, url#33, OpenWPM, 2024-07-26T10:00:18.701Z, 6386, 48, 6792, 6755, 7158
STATUS NEWURL, url#34 domaincontrol.com, , 2024-07-26T10:00:32.150Z
CRAWLED, url#34, puppeteer_HL, 2024-07-26T10:00:32.149Z, 834, 555, -59, undefined, 6707
CRAWLED, url#34, OpenWPM_HL, 2024-07-26T10:00:38.741Z, 4848, 0, 6648, 6591, 6707
CRAWLED, url#34, puppeteer, 2024-07-26T10:00:32.149Z, 1060, 550, -54, undefined, 6707
CRAWLED, url#34, OpenWPM, 2024-07-26T10:00:38.634Z, 6104, 48, 6521, 6484, 6707
STATUS NEWURL, url#35 apple-dns.net, , 2024-07-26T10:00:51.946Z
CRAWLED, url#35, puppeteer_HL, 2024-07-26T10:00:51.946Z, 891, 555, -59, undefined, 6888
CRAWLED, url#35, OpenWPM_HL, 2024-07-26T10:00:58.242Z, 4703, 0, 6352, 6295, 6888
CRAWLED, url#35, puppeteer, 2024-07-26T10:00:51.946Z, 1338, 550, -54, undefined, 6888
CRAWLED, url#35, OpenWPM, 2024-07-26T10:00:58.739Z, 6169, 48, 6829, 6792, 6888
STATUS NEWURL, url#36 fastly.net, , 2024-07-26T10:01:11.920Z
CRAWLED, url#36, puppeteer_HL, 2024-07-26T10:01:20.497Z, 990, 555, 8518, 8576, 4450
CRAWLED, url#36, OpenWPM_HL, 2024-07-26T10:01:18.897Z, 5195, 0, 7033, 6976, 4450
CRAWLED, url#36, puppeteer, 2024-07-26T10:01:23.247Z, 1330, 550, 11273, 11326, 4450
CRAWLED, url#36, OpenWPM, 2024-07-26T10:01:18.707Z, 6561, 48, 6823, 6786, 4450
STATUS NEWURL, url#37 netflix.com, , 2024-07-26T10:01:42.025Z
CRAWLED, url#37, puppeteer_HL, 2024-07-26T10:01:50.566Z, 807, 555, 8482, 8540, 2773
CRAWLED, url#37, OpenWPM_HL, 2024-07-26T10:01:48.666Z, 4633, 0, 6697, 6640, 2773
CRAWLED, url#37, puppeteer, 2024-07-26T10:01:51.416Z, 1365, 550, 9337, 9390, 2773
CRAWLED, url#37, OpenWPM, 2024-07-26T10:01:48.553Z, 5985, 48, 6564, 6527, 2773
STATUS NEWURL, url#38 googlesyndication.com, , 2024-07-26T10:02:11.822Z
CRAWLED, url#38, puppeteer_HL, 2024-07-26T10:02:19.625Z, 878, 555, 7745, 7803, 1643
CRAWLED, url#38, OpenWPM_HL, 2024-07-26T10:02:17.933Z, 4245, 0, 6168, 6111, 1643
CRAWLED, url#38, puppeteer, 2024-07-26T10:02:19.686Z, 1420, 550, 7811, 7864, 1643
CRAWLED, url#38, OpenWPM, 2024-07-26T10:02:18.409Z, 5787, 48, 6624, 6587, 1643
STATUS NEWURL, url#39 wordpress.org, , 2024-07-26T10:02:51.586Z
CRAWLED, url#39, puppeteer_HL, 2024-07-26T10:02:59.539Z, 834, 555, 7894, 7952, 1399
CRAWLED, url#39, OpenWPM_HL, 2024-07-26T10:02:58.084Z, 4415, 0, 6554, 6497, 1399
CRAWLED, url#39, puppeteer, 2024-07-26T10:02:59.593Z, 1265, 550, 7953, 8006, 1399
CRAWLED, url#39, OpenWPM, 2024-07-26T10:02:58.252Z, 5991, 48, 6702, 6665, 1399
STATUS NEWURL, url#40 office.net, , 2024-07-26T10:03:21.409Z
CRAWLED, url#40, puppeteer_HL, 2024-07-26T10:03:21.409Z, 700, 555, -59, undefined, 6702
CRAWLED, url#40, OpenWPM_HL, 2024-07-26T10:03:27.519Z, 4407, 0, 6166, 6109, 6702
CRAWLED, url#40, puppeteer, 2024-07-26T10:03:21.409Z, 1202, 550, -54, undefined, 6702
CRAWLED, url#40, OpenWPM, 2024-07-26T10:03:28.016Z, 5717, 48, 6643, 6606, 6702
STATUS NEWURL, url#41 googleusercontent.com, , 2024-07-26T10:03:51.190Z
CRAWLED, url#41, puppeteer_HL, 2024-07-26T10:03:58.076Z, 1259, 555, 6828, 6886, 436
CRAWLED, url#41, OpenWPM_HL, 2024-07-26T10:03:57.556Z, 4665, 0, 6423, 6366, 436
CRAWLED, url#41, puppeteer, 2024-07-26T10:03:58.055Z, 1727, 550, 6812, 6865, 436
CRAWLED, url#41, OpenWPM, 2024-07-26T10:03:58.012Z, 6098, 48, 6859, 6822, 436
STATUS NEWURL, url#42 t-msedge.net, , 2024-07-26T10:04:25.735Z
CRAWLED, url#42, puppeteer_HL, 2024-07-26T10:04:25.734Z, 892, 555, -59, undefined, 6603
CRAWLED, url#42, OpenWPM_HL, 2024-07-26T10:04:32.222Z, 4662, 0, 6544, 6487, 6603
CRAWLED, url#42, puppeteer, 2024-07-26T10:04:25.734Z, 1392, 550, -54, undefined, 6603
CRAWLED, url#42, OpenWPM, 2024-07-26T10:04:32.205Z, 5835, 48, 6507, 6470, 6603
STATUS NEWURL, url#43 youtu.be, , 2024-07-26T10:04:45.410Z
CRAWLED, url#43, puppeteer_HL, 2024-07-26T10:04:57.429Z, 655, 555, 11961, 12019, 5409
CRAWLED, url#43, OpenWPM_HL, 2024-07-26T10:04:51.926Z, 5294, 0, 6573, 6516, 5409
CRAWLED, url#43, puppeteer, 2024-07-26T10:04:54.777Z, 1451, 550, 9314, 9367, 5409
CRAWLED, url#43, OpenWPM, 2024-07-26T10:04:51.925Z, 5968, 48, 6552, 6515, 5409
STATUS NEWURL, url#44 github.com, , 2024-07-26T10:05:15.093Z
CRAWLED, url#44, puppeteer_HL, 2024-07-26T10:05:23.213Z, 701, 555, 8062, 8120, 1964
CRAWLED, url#44, OpenWPM_HL, 2024-07-26T10:05:22.167Z, 5259, 0, 7131, 7074, 1964
CRAWLED, url#44, puppeteer, 2024-07-26T10:05:23.468Z, 1113, 550, 8322, 8375, 1964
CRAWLED, url#44, OpenWPM, 2024-07-26T10:05:21.414Z, 5520, 48, 6358, 6321, 1964
STATUS NEWURL, url#45 icloud.com, , 2024-07-26T10:05:45.319Z
CRAWLED, url#45, puppeteer_HL, 2024-07-26T10:05:54.475Z, 800, 555, 9098, 9156, 1902
CRAWLED, url#45, OpenWPM_HL, 2024-07-26T10:05:52.831Z, 6156, 0, 7569, 7512, 1902
CRAWLED, url#45, puppeteer, 2024-07-26T10:05:54.475Z, 1346, 550, 9103, 9156, 1902
CRAWLED, url#45, OpenWPM, 2024-07-26T10:05:52.483Z, 7106, 48, 7201, 7164, 1902
STATUS NEWURL, url#46 yahoo.com, , 2024-07-26T10:06:16.013Z
CRAWLED, url#46, puppeteer_HL, 2024-07-26T10:06:23.978Z, 1048, 555, 7907, 7965, 1346
CRAWLED, url#46, OpenWPM_HL, 2024-07-26T10:06:22.723Z, 5628, 0, 6767, 6710, 1346
CRAWLED, url#46, puppeteer, 2024-07-26T10:06:23.932Z, 1373, 550, 7866, 7919, 1346
CRAWLED, url#46, OpenWPM, 2024-07-26T10:06:22.537Z, 6270, 48, 6561, 6524, 1346
STATUS NEWURL, url#47 sharepoint.com, , 2024-07-26T10:06:45.887Z
CRAWLED, url#47, puppeteer_HL, 2024-07-26T10:06:56.665Z, 950, 555, 10719, 10777, 4078
CRAWLED, url#47, OpenWPM_HL, 2024-07-26T10:06:52.635Z, 4790, 0, 6804, 6747, 4078
CRAWLED, url#47, puppeteer, 2024-07-26T10:06:56.276Z, 1278, 550, 10335, 10388, 4078
CRAWLED, url#47, OpenWPM, 2024-07-26T10:06:52.492Z, 5949, 48, 6641, 6604, 4078
STATUS NEWURL, url#48 pinterest.com, , 2024-07-26T10:07:15.818Z
CRAWLED, url#48, puppeteer_HL, 2024-07-26T10:07:23.250Z, 625, 555, 7374, 7432, 910
CRAWLED, url#48, OpenWPM_HL, 2024-07-26T10:07:22.225Z, 4449, 0, 6464, 6407, 910
CRAWLED, url#48, puppeteer, 2024-07-26T10:07:23.148Z, 1603, 550, 7277, 7330, 910
CRAWLED, url#48, OpenWPM, 2024-07-26T10:07:22.424Z, 5598, 48, 6643, 6606, 910
STATUS NEWURL, url#49 mail.ru, , 2024-07-26T10:07:45.676Z
CRAWLED, url#49, puppeteer_HL, 2024-07-26T10:07:59.926Z, 776, 555, 14192, 14250, 7669
CRAWLED, url#49, OpenWPM_HL, 2024-07-26T10:07:52.142Z, 4801, 0, 6523, 6466, 7669
CRAWLED, url#49, puppeteer, 2024-07-26T10:07:59.447Z, 1222, 550, 13718, 13771, 7669
CRAWLED, url#49, OpenWPM, 2024-07-26T10:07:52.162Z, 6082, 48, 6523, 6486, 7669
STATUS NEWURL, url#50 whatsapp.net, , 2024-07-26T10:08:30.347Z
CRAWLED, url#50, puppeteer_HL, 2024-07-26T10:08:38.316Z, 830, 555, 7910, 7968, 1424
CRAWLED, url#50, OpenWPM_HL, 2024-07-26T10:08:36.777Z, 4384, 0, 6486, 6429, 1424
CRAWLED, url#50, puppeteer, 2024-07-26T10:08:38.231Z, 1345, 550, 7830, 7883, 1424
CRAWLED, url#50, OpenWPM, 2024-07-26T10:08:36.936Z, 5890, 48, 6625, 6588, 1424
STATUS NEWURL, url#51 aaplimg.com, , 2024-07-26T10:09:00.139Z
CRAWLED, url#51, puppeteer_HL, 2024-07-26T10:09:00.138Z, 1544, 555, -59, undefined, 7319
CRAWLED, url#51, OpenWPM_HL, 2024-07-26T10:09:06.646Z, 4999, 0, 6564, 6507, 7319
CRAWLED, url#51, puppeteer, 2024-07-26T10:09:00.138Z, 2089, 550, -54, undefined, 7319
CRAWLED, url#51, OpenWPM, 2024-07-26T10:09:07.362Z, 6503, 48, 7260, 7223, 7319
STATUS NEWURL, url#52 skype.com, , 2024-07-26T10:09:20.508Z
CRAWLED, url#52, puppeteer_HL, 2024-07-26T10:09:29.135Z, 703, 555, 8568, 8626, 2039
CRAWLED, url#52, OpenWPM_HL, 2024-07-26T10:09:27.171Z, 4651, 0, 6719, 6662, 2039
CRAWLED, url#52, puppeteer, 2024-07-26T10:09:27.847Z, 1103, 550, 7285, 7338, 2039
CRAWLED, url#52, OpenWPM, 2024-07-26T10:09:27.001Z, 5826, 48, 6529, 6492, 2039
STATUS NEWURL, url#53 s-msedge.net, , 2024-07-26T10:09:50.312Z
CRAWLED, url#53, puppeteer_HL, 2024-07-26T10:09:50.312Z, 780, 555, -59, undefined, 6959
CRAWLED, url#53, OpenWPM_HL, 2024-07-26T10:09:57.156Z, 5241, 0, 6900, 6843, 6959
CRAWLED, url#53, puppeteer, 2024-07-26T10:09:50.312Z, 1347, 550, -54, undefined, 6959
CRAWLED, url#53, OpenWPM, 2024-07-26T10:09:56.785Z, 5781, 48, 6509, 6472, 6959
STATUS NEWURL, url#54 adobe.com, , 2024-07-26T10:10:10.305Z
CRAWLED, url#54, puppeteer_HL, 2024-07-26T10:10:10.305Z, 893, 555, -59, undefined, 7396
CRAWLED, url#54, OpenWPM_HL, 2024-07-26T10:10:17.205Z, 5080, 0, 6956, 6899, 7396
CRAWLED, url#54, puppeteer, 2024-07-26T10:10:17.696Z, 1611, 550, 7337, 7390, 7396
CRAWLED, url#54, OpenWPM, 2024-07-26T10:10:17.042Z, 6460, 48, 6773, 6736, 7396
STATUS NEWURL, url#55 windows.net, , 2024-07-26T10:10:35.357Z
CRAWLED, url#55, puppeteer_HL, 2024-07-26T10:10:46.523Z, 738, 555, 11108, 11166, 4789
CRAWLED, url#55, OpenWPM_HL, 2024-07-26T10:10:41.799Z, 4576, 0, 6499, 6442, 4789
CRAWLED, url#55, puppeteer, 2024-07-26T10:10:46.642Z, 1188, 550, 11232, 11285, 4789
CRAWLED, url#55, OpenWPM, 2024-07-26T10:10:41.763Z, 5616, 48, 6443, 6406, 4789
STATUS NEWURL, url#56 digicert.com, , 2024-07-26T10:11:04.964Z
CRAWLED, url#56, puppeteer_HL, 2024-07-26T10:11:17.483Z, 808, 555, 12461, 12519, 6569
CRAWLED, url#56, OpenWPM_HL, 2024-07-26T10:11:11.252Z, 4862, 0, 6345, 6288, 6569
CRAWLED, url#56, puppeteer, 2024-07-26T10:11:17.888Z, 1193, 550, 12871, 12924, 6569
CRAWLED, url#56, OpenWPM, 2024-07-26T10:11:11.229Z, 6123, 48, 6302, 6265, 6569
STATUS NEWURL, url#57 cloudfront.net, , 2024-07-26T10:11:39.441Z
CRAWLED, url#57, puppeteer_HL, 2024-07-26T10:11:39.440Z, 892, 555, -59, undefined, 6591
CRAWLED, url#57, OpenWPM_HL, 2024-07-26T10:11:45.916Z, 4551, 0, 6532, 6475, 6591
CRAWLED, url#57, puppeteer, 2024-07-26T10:11:39.440Z, 1225, 550, -54, undefined, 6591
CRAWLED, url#57, OpenWPM, 2024-07-26T10:11:45.697Z, 5572, 48, 6293, 6256, 6591
STATUS NEWURL, url#58 tiktokv.com, , 2024-07-26T10:11:59.061Z
CRAWLED, url#58, puppeteer_HL, 2024-07-26T10:12:05.865Z, 915, 555, 6746, 6804, 686
CRAWLED, url#58, OpenWPM_HL, 2024-07-26T10:12:05.263Z, 4828, 0, 6259, 6202, 686
CRAWLED, url#58, puppeteer, 2024-07-26T10:12:06.059Z, 1273, 550, 6945, 6998, 686
CRAWLED, url#58, OpenWPM, 2024-07-26T10:12:05.899Z, 5837, 48, 6875, 6838, 686
STATUS NEWURL, url#59 goo.gl, , 2024-07-26T10:12:34.082Z
CRAWLED, url#59, puppeteer_HL, 2024-07-26T10:12:42.760Z, 911, 555, 8619, 8677, 1555
CRAWLED, url#59, OpenWPM_HL, 2024-07-26T10:12:41.194Z, 5066, 0, 7168, 7111, 1555
CRAWLED, url#59, puppeteer, 2024-07-26T10:12:42.605Z, 1400, 550, 8469, 8522, 1555
CRAWLED, url#59, OpenWPM, 2024-07-26T10:12:41.110Z, 6442, 48, 7064, 7027, 1555
STATUS NEWURL, url#60 e2ro.com, , 2024-07-26T10:13:14.362Z
CRAWLED, url#60, puppeteer_HL, 2024-07-26T10:13:14.361Z, 979, 555, -59, undefined, 6812
CRAWLED, url#60, OpenWPM_HL, 2024-07-26T10:13:21.058Z, 4595, 0, 6753, 6696, 6812
CRAWLED, url#60, puppeteer, 2024-07-26T10:13:14.361Z, 1384, 550, -54, undefined, 6812
CRAWLED, url#60, OpenWPM, 2024-07-26T10:13:20.750Z, 5603, 48, 6425, 6388, 6812
STATUS NEWURL, url#61 msn.com, , 2024-07-26T10:13:34.209Z
CRAWLED, url#61, puppeteer_HL, 2024-07-26T10:13:46.280Z, 889, 555, 12012, 12070, 5500
CRAWLED, url#61, OpenWPM_HL, 2024-07-26T10:13:40.665Z, 4394, 0, 6512, 6455, 5500
CRAWLED, url#61, puppeteer, 2024-07-26T10:13:42.583Z, 1364, 550, 8320, 8373, 5500
CRAWLED, url#61, OpenWPM, 2024-07-26T10:13:40.735Z, 5745, 48, 6562, 6525, 5500
STATUS NEWURL, url#62 office365.com, , 2024-07-26T10:14:13.872Z
CRAWLED, url#62, puppeteer_HL, 2024-07-26T10:14:13.871Z, 1204, 555, -59, undefined, 6930
CRAWLED, url#62, OpenWPM_HL, 2024-07-26T10:14:20.686Z, 4855, 0, 6871, 6814, 6930
CRAWLED, url#62, puppeteer, 2024-07-26T10:14:13.871Z, 1542, 550, -54, undefined, 6930
CRAWLED, url#62, OpenWPM, 2024-07-26T10:14:20.182Z, 5563, 48, 6347, 6310, 6930
STATUS NEWURL, url#63 gvt2.com, , 2024-07-26T10:14:50.040Z
CRAWLED, url#63, puppeteer_HL, 2024-07-26T10:14:50.040Z, 889, 555, -59, undefined, 6987
CRAWLED, url#63, OpenWPM_HL, 2024-07-26T10:14:56.912Z, 4726, 0, 6928, 6871, 6987
CRAWLED, url#63, puppeteer, 2024-07-26T10:14:50.040Z, 1404, 550, -54, undefined, 6987
CRAWLED, url#63, OpenWPM, 2024-07-26T10:14:56.556Z, 5679, 48, 6552, 6515, 6987
STATUS NEWURL, url#64 vimeo.com, , 2024-07-26T10:15:19.734Z
CRAWLED, url#64, puppeteer_HL, 2024-07-26T10:15:29.978Z, 702, 555, 10186, 10244, 4488
CRAWLED, url#64, OpenWPM_HL, 2024-07-26T10:15:26.154Z, 4506, 0, 6477, 6420, 4488
CRAWLED, url#64, puppeteer, 2024-07-26T10:15:30.752Z, 1222, 550, 10965, 11018, 4488
CRAWLED, url#64, OpenWPM, 2024-07-26T10:15:26.261Z, 5869, 48, 6564, 6527, 4488
STATUS NEWURL, url#65 spotify.com, , 2024-07-26T10:15:59.325Z
CRAWLED, url#65, puppeteer_HL, 2024-07-26T10:16:10.364Z, 744, 555, 10980, 11038, 4510
CRAWLED, url#65, OpenWPM_HL, 2024-07-26T10:16:05.934Z, 5302, 0, 6665, 6608, 4510
CRAWLED, url#65, puppeteer, 2024-07-26T10:16:10.457Z, 1153, 550, 11078, 11131, 4510
CRAWLED, url#65, OpenWPM, 2024-07-26T10:16:05.857Z, 6030, 48, 6568, 6531, 4510
STATUS NEWURL, url#66 cdn77.org, , 2024-07-26T10:16:29.089Z
CRAWLED, url#66, puppeteer_HL, 2024-07-26T10:16:29.089Z, 1142, 555, -59, undefined, 6768
CRAWLED, url#66, OpenWPM_HL, 2024-07-26T10:16:35.430Z, 4492, 0, 6397, 6340, 6768
CRAWLED, url#66, puppeteer, 2024-07-26T10:16:29.089Z, 1363, 550, -54, undefined, 6768
CRAWLED, url#66, OpenWPM, 2024-07-26T10:16:35.762Z, 5830, 48, 6709, 6672, 6768
STATUS NEWURL, url#67 yandex.net, , 2024-07-26T10:16:58.946Z
CRAWLED, url#67, puppeteer_HL, 2024-07-26T10:17:07.028Z, 635, 555, 8024, 8082, 1807
CRAWLED, url#67, OpenWPM_HL, 2024-07-26T10:17:05.479Z, 4822, 0, 6590, 6533, 1807
CRAWLED, url#67, puppeteer, 2024-07-26T10:17:07.136Z, 1071, 550, 8137, 8190, 1807
CRAWLED, url#67, OpenWPM, 2024-07-26T10:17:05.239Z, 5687, 48, 6330, 6293, 1807
STATUS NEWURL, url#68 bit.ly, , 2024-07-26T10:17:28.674Z
CRAWLED, url#68, puppeteer_HL, 2024-07-26T10:17:37.766Z, 1404, 555, 9034, 9092, 2143
CRAWLED, url#68, OpenWPM_HL, 2024-07-26T10:17:35.533Z, 5114, 0, 6916, 6859, 2143
CRAWLED, url#68, puppeteer, 2024-07-26T10:17:37.786Z, 1342, 550, 9059, 9112, 2143
CRAWLED, url#68, OpenWPM, 2024-07-26T10:17:35.571Z, 6141, 48, 6934, 6897, 2143
STATUS NEWURL, url#69 gandi.net, , 2024-07-26T10:17:58.798Z
CRAWLED, url#69, puppeteer_HL, 2024-07-26T10:18:06.379Z, 802, 555, 7523, 7581, 2155
CRAWLED, url#69, OpenWPM_HL, 2024-07-26T10:18:05.434Z, 4849, 0, 6693, 6636, 2155
CRAWLED, url#69, puppeteer, 2024-07-26T10:18:07.221Z, 1407, 550, 8370, 8423, 2155
CRAWLED, url#69, OpenWPM, 2024-07-26T10:18:04.976Z, 5568, 48, 6215, 6178, 2155
STATUS NEWURL, url#70 zoom.us, , 2024-07-26T10:18:23.590Z
CRAWLED, url#70, puppeteer_HL, 2024-07-26T10:18:35.197Z, 727, 555, 11549, 11607, 5198
CRAWLED, url#70, OpenWPM_HL, 2024-07-26T10:18:30.133Z, 4433, 0, 6600, 6543, 5198
CRAWLED, url#70, puppeteer, 2024-07-26T10:18:33.682Z, 1146, 550, 10039, 10092, 5198
CRAWLED, url#70, OpenWPM, 2024-07-26T10:18:29.904Z, 5635, 48, 6351, 6314, 5198
STATUS NEWURL, url#71 whatsapp.com, , 2024-07-26T10:18:53.312Z
CRAWLED, url#71, puppeteer_HL, 2024-07-26T10:19:00.883Z, 802, 555, 7513, 7571, 1110
CRAWLED, url#71, OpenWPM_HL, 2024-07-26T10:18:59.992Z, 4639, 0, 6737, 6680, 1110
CRAWLED, url#71, puppeteer, 2024-07-26T10:19:00.870Z, 1186, 550, 7505, 7558, 1110
CRAWLED, url#71, OpenWPM, 2024-07-26T10:18:59.678Z, 5696, 48, 6403, 6366, 1110
STATUS NEWURL, url#72 cloudflare.net, , 2024-07-26T10:19:23.143Z
CRAWLED, url#72, puppeteer_HL, 2024-07-26T10:19:29.892Z, 875, 555, 6690, 6748, 335
CRAWLED, url#72, OpenWPM_HL, 2024-07-26T10:19:29.442Z, 4532, 0, 6355, 6298, 335
CRAWLED, url#72, puppeteer, 2024-07-26T10:19:29.874Z, 1165, 550, 6677, 6730, 335
CRAWLED, url#72, OpenWPM, 2024-07-26T10:19:29.600Z, 5781, 48, 6493, 6456, 335
STATUS NEWURL, url#73 wac-msedge.net, , 2024-07-26T10:19:47.748Z
CRAWLED, url#73, puppeteer_HL, 2024-07-26T10:19:47.747Z, 789, 555, -59, undefined, 7070
CRAWLED, url#73, OpenWPM_HL, 2024-07-26T10:19:54.702Z, 5501, 0, 7011, 6954, 7070
CRAWLED, url#73, puppeteer, 2024-07-26T10:19:47.747Z, 1398, 550, -54, undefined, 7070
CRAWLED, url#73, OpenWPM, 2024-07-26T10:19:54.485Z, 6075, 48, 6774, 6737, 7070
STATUS NEWURL, url#74 ntp.org, , 2024-07-26T10:20:07.865Z
CRAWLED, url#74, puppeteer_HL, 2024-07-26T10:20:16.634Z, 841, 555, 8711, 8769, 2317
CRAWLED, url#74, OpenWPM_HL, 2024-07-26T10:20:14.202Z, 4732, 0, 6394, 6337, 2317
CRAWLED, url#74, puppeteer, 2024-07-26T10:20:16.246Z, 1177, 550, 8328, 8381, 2317
CRAWLED, url#74, OpenWPM, 2024-07-26T10:20:14.279Z, 6015, 48, 6451, 6414, 2317
STATUS NEWURL, url#75 wordpress.com, , 2024-07-26T10:20:37.470Z
CRAWLED, url#75, puppeteer_HL, 2024-07-26T10:20:45.433Z, 753, 555, 7904, 7962, 1294
CRAWLED, url#75, OpenWPM_HL, 2024-07-26T10:20:44.085Z, 4419, 0, 6671, 6614, 1294
CRAWLED, url#75, puppeteer, 2024-07-26T10:20:45.423Z, 1644, 550, 7899, 7952, 1294
CRAWLED, url#75, OpenWPM, 2024-07-26T10:20:44.044Z, 5903, 48, 6610, 6573, 1294
STATUS NEWURL, url#76 gvt1.com, , 2024-07-26T10:21:17.272Z
CRAWLED, url#76, puppeteer_HL, 2024-07-26T10:21:17.272Z, 824, 555, -59, undefined, 6554
CRAWLED, url#76, OpenWPM_HL, 2024-07-26T10:21:23.619Z, 4433, 0, 6403, 6346, 6554
CRAWLED, url#76, puppeteer, 2024-07-26T10:21:17.272Z, 1247, 550, -54, undefined, 6554
CRAWLED, url#76, OpenWPM, 2024-07-26T10:21:23.731Z, 5754, 48, 6495, 6458, 6554
STATUS NEWURL, url#77 roblox.com, , 2024-07-26T10:21:46.921Z
CRAWLED, url#77, puppeteer_HL, 2024-07-26T10:21:56.435Z, 1074, 555, 9456, 9514, 3089
CRAWLED, url#77, OpenWPM_HL, 2024-07-26T10:21:53.698Z, 5296, 0, 6834, 6777, 3089
CRAWLED, url#77, puppeteer, 2024-07-26T10:21:56.603Z, 1211, 550, 9629, 9682, 3089
CRAWLED, url#77, OpenWPM, 2024-07-26T10:21:53.424Z, 6185, 48, 6540, 6503, 3089
STATUS NEWURL, url#78 qq.com, , 2024-07-26T10:22:26.576Z
CRAWLED, url#78, puppeteer_HL, 2024-07-26T10:22:26.575Z, 1014, 555, -59, undefined, 25457
CRAWLED, url#78, OpenWPM_HL, 2024-07-26T10:22:33.242Z, 4546, 0, 6723, 6666, 25457
CRAWLED, url#78, puppeteer, 2024-07-26T10:22:52.027Z, 1580, 550, 25398, 25451, 25457
CRAWLED, url#78, OpenWPM, 2024-07-26T10:22:33.248Z, 5893, 48, 6709, 6672, 25457
STATUS NEWURL, url#79 google-analytics.com, , 2024-07-26T10:23:21.509Z
CRAWLED, url#79, puppeteer_HL, 2024-07-26T10:23:29.411Z, 1155, 555, 7844, 7902, 1044
CRAWLED, url#79, OpenWPM_HL, 2024-07-26T10:23:28.397Z, 5125, 0, 6945, 6888, 1044
CRAWLED, url#79, puppeteer, 2024-07-26T10:23:28.979Z, 1463, 550, 7417, 7470, 1044
CRAWLED, url#79, OpenWPM, 2024-07-26T10:23:28.272Z, 6074, 48, 6800, 6763, 1044
STATUS NEWURL, url#80 bytefcdn-oversea.com, , 2024-07-26T10:23:56.599Z
CRAWLED, url#80, puppeteer_HL, 2024-07-26T10:23:56.598Z, 953, 555, -59, undefined, 6931
CRAWLED, url#80, OpenWPM_HL, 2024-07-26T10:24:03.414Z, 4886, 0, 6872, 6815, 6931
CRAWLED, url#80, puppeteer, 2024-07-26T10:23:56.598Z, 1194, 550, -54, undefined, 6931
CRAWLED, url#80, OpenWPM, 2024-07-26T10:24:03.179Z, 5836, 48, 6617, 6580, 6931
STATUS NEWURL, url#81 googledomains.com, , 2024-07-26T10:24:16.578Z
CRAWLED, url#81, puppeteer_HL, 2024-07-26T10:24:24.366Z, 889, 555, 7730, 7788, 1395
CRAWLED, url#81, OpenWPM_HL, 2024-07-26T10:24:22.898Z, 4404, 0, 6377, 6320, 1395
CRAWLED, url#81, puppeteer, 2024-07-26T10:24:24.290Z, 1175, 550, 7659, 7712, 1395
CRAWLED, url#81, OpenWPM, 2024-07-26T10:24:22.876Z, 5693, 48, 6335, 6298, 1395
STATUS NEWURL, url#82 appsflyersdk.com, , 2024-07-26T10:24:46.098Z
CRAWLED, url#82, puppeteer_HL, 2024-07-26T10:24:46.097Z, 1113, 555, -59, undefined, 7358
CRAWLED, url#82, OpenWPM_HL, 2024-07-26T10:24:53.340Z, 5535, 0, 7299, 7242, 7358
CRAWLED, url#82, puppeteer, 2024-07-26T10:24:46.097Z, 1651, 550, -54, undefined, 7358
CRAWLED, url#82, OpenWPM, 2024-07-26T10:24:53.006Z, 6468, 48, 6945, 6908, 7358
STATUS NEWURL, url#83 edgekey.net, , 2024-07-26T10:25:06.505Z
CRAWLED, url#83, puppeteer_HL, 2024-07-26T10:25:06.505Z, 852, 555, -59, undefined, 6650
CRAWLED, url#83, OpenWPM_HL, 2024-07-26T10:25:12.778Z, 4596, 0, 6329, 6272, 6650
CRAWLED, url#83, puppeteer, 2024-07-26T10:25:06.505Z, 1207, 550, -54, undefined, 6650
CRAWLED, url#83, OpenWPM, 2024-07-26T10:25:13.060Z, 5853, 48, 6591, 6554, 6650
STATUS NEWURL, url#84 tiktok.com, , 2024-07-26T10:25:35.923Z
CRAWLED, url#84, puppeteer_HL, 2024-07-26T10:25:45.133Z, 753, 555, 9152, 9210, 2746
CRAWLED, url#84, OpenWPM_HL, 2024-07-26T10:25:42.560Z, 4716, 0, 6694, 6637, 2746
CRAWLED, url#84, puppeteer, 2024-07-26T10:25:45.382Z, 1144, 550, 9406, 9459, 2746
CRAWLED, url#84, OpenWPM, 2024-07-26T10:25:42.546Z, 5962, 48, 6660, 6623, 2746
STATUS NEWURL, url#85 ytimg.com, , 2024-07-26T10:26:05.749Z
CRAWLED, url#85, puppeteer_HL, 2024-07-26T10:26:05.748Z, 821, 555, -59, undefined, 6565
CRAWLED, url#85, OpenWPM_HL, 2024-07-26T10:26:11.955Z, 4159, 0, 6263, 6206, 6565
CRAWLED, url#85, puppeteer, 2024-07-26T10:26:05.748Z, 1194, 550, -54, undefined, 6565
CRAWLED, url#85, OpenWPM, 2024-07-26T10:26:12.218Z, 5725, 48, 6506, 6469, 6565
STATUS NEWURL, url#86 mozilla.org, , 2024-07-26T10:26:35.414Z
CRAWLED, url#86, puppeteer_HL, 2024-07-26T10:26:43.297Z, 1053, 555, 7824, 7882, 1767
CRAWLED, url#86, OpenWPM_HL, 2024-07-26T10:26:41.639Z, 4333, 0, 6281, 6224, 1767
CRAWLED, url#86, puppeteer, 2024-07-26T10:26:43.516Z, 1133, 550, 8048, 8101, 1767
CRAWLED, url#86, OpenWPM, 2024-07-26T10:26:42.049Z, 5894, 48, 6671, 6634, 1767
STATUS NEWURL, url#87 nic.ru, , 2024-07-26T10:27:05.244Z
CRAWLED, url#87, puppeteer_HL, 2024-07-26T10:27:18.275Z, 925, 555, 12973, 13031, 9287
CRAWLED, url#87, OpenWPM_HL, 2024-07-26T10:27:11.372Z, 4463, 0, 6185, 6128, 9287
CRAWLED, url#87, puppeteer, 2024-07-26T10:27:20.769Z, 1280, 550, 15472, 15525, 9287
CRAWLED, url#87, OpenWPM, 2024-07-26T10:27:11.896Z, 6036, 48, 6689, 6652, 9287
STATUS NEWURL, url#88 blogspot.com, , 2024-07-26T10:27:45.063Z
CRAWLED, url#88, puppeteer_HL, 2024-07-26T10:27:52.773Z, 854, 555, 7652, 7710, 1501
CRAWLED, url#88, OpenWPM_HL, 2024-07-26T10:27:51.157Z, 4177, 0, 6151, 6094, 1501
CRAWLED, url#88, puppeteer, 2024-07-26T10:27:52.714Z, 1135, 550, 7598, 7651, 1501
CRAWLED, url#88, OpenWPM, 2024-07-26T10:27:51.573Z, 5935, 48, 6547, 6510, 1501
STATUS NEWURL, url#89 lencr.org, , 2024-07-26T10:28:14.793Z
CRAWLED, url#89, puppeteer_HL, 2024-07-26T10:28:22.295Z, 859, 555, 7443, 7501, 1046
CRAWLED, url#89, OpenWPM_HL, 2024-07-26T10:28:21.260Z, 4570, 0, 6523, 6466, 1046
CRAWLED, url#89, puppeteer, 2024-07-26T10:28:22.416Z, 1311, 550, 7569, 7622, 1046
CRAWLED, url#89, OpenWPM, 2024-07-26T10:28:21.345Z, 5766, 48, 6588, 6551, 1046
STATUS NEWURL, url#90 reddit.com, , 2024-07-26T10:28:44.557Z
CRAWLED, url#90, puppeteer_HL, 2024-07-26T10:28:51.362Z, 877, 555, 6747, 6805, 2708
CRAWLED, url#90, OpenWPM_HL, 2024-07-26T10:28:51.048Z, 4510, 0, 6548, 6491, 2708
CRAWLED, url#90, puppeteer, 2024-07-26T10:28:53.773Z, 1263, 550, 9163, 9216, 2708
CRAWLED, url#90, OpenWPM, 2024-07-26T10:28:50.975Z, 5837, 48, 6455, 6418, 2708
STATUS NEWURL, url#91 trbcdn.net, , 2024-07-26T10:29:24.127Z
CRAWLED, url#91, puppeteer_HL, 2024-07-26T10:29:31.075Z, 927, 555, 6890, 6948, 581
CRAWLED, url#91, OpenWPM_HL, 2024-07-26T10:29:31.182Z, 4907, 0, 7112, 7055, 581
CRAWLED, url#91, puppeteer, 2024-07-26T10:29:31.072Z, 1346, 550, 6892, 6945, 581
CRAWLED, url#91, OpenWPM, 2024-07-26T10:29:30.621Z, 5905, 48, 6531, 6494, 581
STATUS NEWURL, url#92 opera.com, , 2024-07-26T10:29:44.363Z
CRAWLED, url#92, puppeteer_HL, 2024-07-26T10:29:52.435Z, 862, 555, 8014, 8072, 1211
CRAWLED, url#92, OpenWPM_HL, 2024-07-26T10:29:51.170Z, 4846, 0, 6864, 6807, 1211
CRAWLED, url#92, puppeteer, 2024-07-26T10:29:52.254Z, 1126, 550, 7838, 7891, 1211
CRAWLED, url#92, OpenWPM, 2024-07-26T10:29:51.129Z, 6082, 48, 6803, 6766, 1211
STATUS NEWURL, url#93 cloudflare-dns.com, , 2024-07-26T10:30:14.356Z
CRAWLED, url#93, puppeteer_HL, 2024-07-26T10:30:21.711Z, 1051, 555, 7296, 7354, 1058
CRAWLED, url#93, OpenWPM_HL, 2024-07-26T10:30:21.073Z, 4698, 0, 6773, 6716, 1058
CRAWLED, url#93, puppeteer, 2024-07-26T10:30:21.912Z, 1221, 550, 7502, 7555, 1058
CRAWLED, url#93, OpenWPM, 2024-07-26T10:30:20.764Z, 5730, 48, 6444, 6407, 1058
STATUS NEWURL, url#94 unity3d.com, , 2024-07-26T10:30:44.253Z
CRAWLED, url#94, puppeteer_HL, 2024-07-26T10:30:50.976Z, 1029, 555, 6665, 6723, 1017
CRAWLED, url#94, OpenWPM_HL, 2024-07-26T10:30:50.686Z, 4699, 0, 6490, 6433, 1017
CRAWLED, url#94, puppeteer, 2024-07-26T10:30:51.813Z, 1356, 550, 7507, 7560, 1017
CRAWLED, url#94, OpenWPM, 2024-07-26T10:30:50.808Z, 6014, 48, 6592, 6555, 1017
STATUS NEWURL, url#95 comcast.net, , 2024-07-26T10:31:13.984Z
CRAWLED, url#95, puppeteer_HL, 2024-07-26T10:31:21.996Z, 780, 555, 7954, 8012, 5125
CRAWLED, url#95, OpenWPM_HL, 2024-07-26T10:31:21.120Z, 5232, 0, 7193, 7136, 5125
CRAWLED, url#95, puppeteer, 2024-07-26T10:31:26.234Z, 1446, 550, 12197, 12250, 5125
CRAWLED, url#95, OpenWPM, 2024-07-26T10:31:21.019Z, 6336, 48, 7072, 7035, 5125
STATUS NEWURL, url#96 baidu.com, , 2024-07-26T10:31:44.275Z
CRAWLED, url#96, puppeteer_HL, 2024-07-26T10:31:56.226Z, 677, 555, 11893, 11951, 15127
CRAWLED, url#96, OpenWPM_HL, 2024-07-26T10:31:50.738Z, 4538, 0, 6520, 6463, 15127
CRAWLED, url#96, puppeteer, 2024-07-26T10:32:05.975Z, 1334, 550, 21647, 21700, 15127
CRAWLED, url#96, OpenWPM, 2024-07-26T10:31:50.847Z, 5745, 48, 6609, 6572, 15127
STATUS NEWURL, url#97 intuit.com, , 2024-07-26T10:32:09.214Z
CRAWLED, url#97, puppeteer_HL, 2024-07-26T10:32:19.625Z, 1162, 555, 10353, 10411, 4674
CRAWLED, url#97, OpenWPM_HL, 2024-07-26T10:32:16.069Z, 4923, 0, 6912, 6855, 4674
CRAWLED, url#97, puppeteer, 2024-07-26T10:32:19.989Z, 1533, 550, 10722, 10775, 4674
CRAWLED, url#97, OpenWPM, 2024-07-26T10:32:15.225Z, 5470, 48, 6048, 6011, 4674
STATUS NEWURL, url#98 cdninstagram.com, , 2024-07-26T10:32:39.218Z
CRAWLED, url#98, puppeteer_HL, 2024-07-26T10:32:39.217Z, 1008, 555, -59, undefined, 6706
CRAWLED, url#98, OpenWPM_HL, 2024-07-26T10:32:45.539Z, 4751, 0, 6378, 6321, 6706
CRAWLED, url#98, puppeteer, 2024-07-26T10:32:39.217Z, 1471, 550, -54, undefined, 6706
CRAWLED, url#98, OpenWPM, 2024-07-26T10:32:45.828Z, 5942, 48, 6647, 6610, 6706
STATUS NEWURL, url#99 snapchat.com, , 2024-07-26T10:32:58.992Z
CRAWLED, url#99, puppeteer_HL, 2024-07-26T10:33:06.860Z, 1031, 555, 7810, 7868, 1510
CRAWLED, url#99, OpenWPM_HL, 2024-07-26T10:33:05.529Z, 4553, 0, 6594, 6537, 1510
CRAWLED, url#99, puppeteer, 2024-07-26T10:33:06.584Z, 1323, 550, 7539, 7592, 1510
CRAWLED, url#99, OpenWPM, 2024-07-26T10:33:05.255Z, 5544, 48, 6300, 6263, 1510
STATUS NEWURL, url#100 yandex.ru, , 2024-07-26T10:33:38.737Z
CRAWLED, url#100, puppeteer_HL, 2024-07-26T10:33:53.562Z, 1010, 555, 14767, 14825, 9459
CRAWLED, url#100, OpenWPM_HL, 2024-07-26T10:33:45.200Z, 4861, 0, 6520, 6463, 9459
CRAWLED, url#100, puppeteer, 2024-07-26T10:33:54.501Z, 1668, 550, 15711, 15764, 9459
CRAWLED, url#100, OpenWPM, 2024-07-26T10:33:44.952Z, 5859, 48, 6252, 6215, 9459
STATUS NEWURL, url#101 googleadservices.com, , 2024-07-26T10:34:23.389Z
CRAWLED, url#101, puppeteer_HL, 2024-07-26T10:34:29.866Z, 811, 555, 6419, 6477, 401
CRAWLED, url#101, OpenWPM_HL, 2024-07-26T10:34:29.559Z, 4446, 0, 6227, 6170, 401
CRAWLED, url#101, puppeteer, 2024-07-26T10:34:29.850Z, 1267, 550, 6408, 6461, 401
CRAWLED, url#101, OpenWPM, 2024-07-26T10:34:29.980Z, 5691, 48, 6628, 6591, 401
STATUS NEWURL, url#102 europa.eu, , 2024-07-26T10:34:48.148Z
CRAWLED, url#102, puppeteer_HL, 2024-07-26T10:34:55.695Z, 1087, 555, 7488, 7546, 1200
CRAWLED, url#102, OpenWPM_HL, 2024-07-26T10:34:55.040Z, 5384, 0, 6948, 6891, 1200
CRAWLED, url#102, puppeteer, 2024-07-26T10:34:56.021Z, 1525, 550, 7819, 7872, 1200
CRAWLED, url#102, OpenWPM, 2024-07-26T10:34:54.731Z, 6097, 48, 6619, 6582, 1200
STATUS NEWURL, url#103 outlook.com, , 2024-07-26T10:35:27.926Z
CRAWLED, url#103, puppeteer_HL, 2024-07-26T10:35:40.266Z, 950, 555, 12282, 12340, 5309
CRAWLED, url#103, OpenWPM_HL, 2024-07-26T10:35:35.025Z, 5254, 0, 7156, 7099, 5309
CRAWLED, url#103, puppeteer, 2024-07-26T10:35:40.082Z, 1104, 550, 12103, 12156, 5309
CRAWLED, url#103, OpenWPM, 2024-07-26T10:35:34.862Z, 6377, 48, 6973, 6936, 5309
STATUS NEWURL, url#104 amazon-adsystem.com, , 2024-07-26T10:36:07.999Z
STATUS NEWURL, url#104 amazon-adsystem.com, , 2024-07-26T10:37:14.073Z
ERROR TIMEOUT#1 visiting #104, undefined, 2024-07-26T10:37:14.074Z
ERROR TIMEOUT#0 visiting #105, undefined, 2024-07-26T10:38:20.129Z
STATUS SKIPURL, url#104, amazon-adsystem.com, 2024-07-26T10:38:20.131Z
STATUS NEWURL, url#105 msedge.net, , 2024-07-26T10:38:20.131Z
CRAWLED, url#105, puppeteer_HL, 2024-07-26T10:38:20.130Z, 1197, 555, -59, undefined, 6855
CRAWLED, url#105, OpenWPM_HL, 2024-07-26T10:38:26.357Z, 4479, 0, 6283, 6226, 6855
CRAWLED, url#105, puppeteer, 2024-07-26T10:38:20.130Z, 1273, 550, -54, undefined, 6855
CRAWLED, url#105, OpenWPM, 2024-07-26T10:38:26.890Z, 6222, 48, 6796, 6759, 6855
STATUS NEWURL, url#106 a2z.com, , 2024-07-26T10:38:59.238Z
CRAWLED, url#106, puppeteer_HL, 2024-07-26T10:38:59.237Z, 1555, 555, -59, undefined, 7704
CRAWLED, url#106, OpenWPM_HL, 2024-07-26T10:39:06.821Z, 5841, 0, 7640, 7583, 7704
CRAWLED, url#106, puppeteer, 2024-07-26T10:38:59.237Z, 1940, 550, -54, undefined, 7704
CRAWLED, url#106, OpenWPM, 2024-07-26T10:39:06.846Z, 7105, 48, 7645, 7608, 7704
STATUS NEWURL, url#107 macromedia.com, , 2024-07-26T10:39:20.037Z
CRAWLED, url#107, puppeteer_HL, 2024-07-26T10:39:20.036Z, 800, 555, -59, undefined, 7607
CRAWLED, url#107, OpenWPM_HL, 2024-07-26T10:39:27.528Z, 5442, 0, 7548, 7491, 7607
CRAWLED, url#107, puppeteer, 2024-07-26T10:39:20.036Z, 1204, 550, -54, undefined, 7607
CRAWLED, url#107, OpenWPM, 2024-07-26T10:39:26.721Z, 5653, 48, 6721, 6684, 7607
STATUS NEWURL, url#108 samsung.com, , 2024-07-26T10:40:04.553Z
CRAWLED, url#108, puppeteer_HL, 2024-07-26T10:40:16.832Z, 1267, 555, 12221, 12279, 5812
CRAWLED, url#108, OpenWPM_HL, 2024-07-26T10:40:11.635Z, 5196, 0, 7139, 7082, 5812
CRAWLED, url#108, puppeteer, 2024-07-26T10:40:16.727Z, 1561, 550, 12121, 12174, 5812
CRAWLED, url#108, OpenWPM, 2024-07-26T10:40:10.925Z, 5861, 48, 6409, 6372, 5812
STATUS NEWURL, url#109 t.me, , 2024-07-26T10:40:44.129Z
CRAWLED, url#109, puppeteer_HL, 2024-07-26T10:40:50.915Z, 624, 555, 6728, 6786, 1248
CRAWLED, url#109, OpenWPM_HL, 2024-07-26T10:40:51.699Z, 5659, 0, 7627, 7570, 1248
CRAWLED, url#109, puppeteer, 2024-07-26T10:40:50.908Z, 1135, 550, 6726, 6779, 1248
CRAWLED, url#109, OpenWPM, 2024-07-26T10:40:50.471Z, 5311, 48, 6379, 6342, 1248
STATUS NEWURL, url#110 app-measurement.com, , 2024-07-26T10:40:55.798Z
CRAWLED, url#110, puppeteer_HL, 2024-07-26T10:41:02.797Z, 1035, 555, 6941, 6999, 603
CRAWLED, url#110, OpenWPM_HL, 2024-07-26T10:41:02.706Z, 4769, 0, 6965, 6908, 603
CRAWLED, url#110, puppeteer, 2024-07-26T10:41:02.720Z, 1392, 550, 6869, 6922, 603
CRAWLED, url#110, OpenWPM, 2024-07-26T10:41:02.123Z, 6144, 48, 6362, 6325, 603
STATUS NEWURL, url#111 tumblr.com, , 2024-07-26T10:41:09.850Z
CRAWLED, url#111, puppeteer_HL, 2024-07-26T10:41:19.949Z, 761, 555, 10041, 10099, 3378
CRAWLED, url#111, OpenWPM_HL, 2024-07-26T10:41:16.576Z, 5221, 0, 6783, 6726, 3378
CRAWLED, url#111, puppeteer, 2024-07-26T10:41:19.150Z, 1329, 550, 9247, 9300, 3378
CRAWLED, url#111, OpenWPM, 2024-07-26T10:41:16.476Z, 6269, 48, 6663, 6626, 3378
STATUS NEWURL, url#112 dropbox.com, , 2024-07-26T10:41:30.865Z
CRAWLED, url#112, puppeteer_HL, 2024-07-26T10:41:42.584Z, 860, 555, 11661, 11719, 4914
CRAWLED, url#112, OpenWPM_HL, 2024-07-26T10:41:37.805Z, 5220, 0, 6997, 6940, 4914
CRAWLED, url#112, puppeteer, 2024-07-26T10:41:42.702Z, 1350, 550, 11784, 11837, 4914
CRAWLED, url#112, OpenWPM, 2024-07-26T10:41:37.698Z, 6386, 48, 6870, 6833, 4914
STATUS NEWURL, url#113 gravatar.com, , 2024-07-26T10:41:49.666Z
CRAWLED, url#113, puppeteer_HL, 2024-07-26T10:41:58.384Z, 720, 555, 8660, 8718, 1844
CRAWLED, url#113, OpenWPM_HL, 2024-07-26T10:41:56.589Z, 5349, 0, 6980, 6923, 1844
CRAWLED, url#113, puppeteer, 2024-07-26T10:41:58.311Z, 1120, 550, 8592, 8645, 1844
CRAWLED, url#113, OpenWPM, 2024-07-26T10:41:56.445Z, 6700, 48, 6816, 6779, 1844
STATUS NEWURL, url#114 nih.gov, , 2024-07-26T10:42:06.362Z
CRAWLED, url#114, puppeteer_HL, undefined, 1122, undefined, undefined, undefined, NaN
CRAWLED, url#114, OpenWPM_HL, 2024-07-26T10:42:13.451Z, 5268, 0, 7146, 7089, NaN
CRAWLED, url#114, puppeteer, undefined, 1324, undefined, undefined, undefined, NaN
CRAWLED, url#114, OpenWPM, 2024-07-26T10:42:13.058Z, 6345, 48, 6733, 6696, NaN
STATUS NEWURL, url#115 windows.com, , 2024-07-26T10:42:26.663Z
CRAWLED, url#115, puppeteer_HL, 2024-07-26T10:42:26.985Z, 1000, 555, 263, 321, 7099
CRAWLED, url#115, OpenWPM_HL, undefined, 5486, undefined, undefined, 6985, 7099
CRAWLED, url#115, puppeteer, 2024-07-26T10:42:34.079Z, 1490, 550, 7362, 7415, 7099
CRAWLED, url#115, OpenWPM, 2024-07-26T10:42:33.229Z, 6462, 48, 6602, 6565, 7099
STATUS NEWURL, url#116 wa.me, , 2024-07-26T10:43:01.401Z
STATUS NEWURL, url#116 wa.me, , 2024-07-26T10:44:07.220Z
ERROR TIMEOUT#1 visiting #116, undefined, 2024-07-26T10:44:07.221Z
ERROR TIMEOUT#0 visiting #117, undefined, 2024-07-26T10:45:13.374Z
STATUS SKIPURL, url#116, wa.me, 2024-07-26T10:45:13.376Z
STATUS NEWURL, url#117 mts.ru, , 2024-07-26T10:45:13.376Z
CRAWLED, url#117, puppeteer_HL, 2024-07-26T10:45:32.917Z, 1062, 555, 19482, 19540, 18153
CRAWLED, url#117, OpenWPM_HL, 2024-07-26T10:45:20.056Z, 5152, 0, 6736, 6679, 18153
CRAWLED, url#117, puppeteer, 2024-07-26T10:45:38.201Z, 1322, 550, 24771, 24824, 18153
CRAWLED, url#117, OpenWPM, 2024-07-26T10:45:19.958Z, 5966, 48, 6618, 6581, 18153
STATUS NEWURL, url#118 health.mil, , 2024-07-26T10:45:42.083Z
CRAWLED, url#118, puppeteer_HL, 2024-07-26T10:45:42.082Z, 790, 555, -59, undefined, 6573
CRAWLED, url#118, OpenWPM_HL, 2024-07-26T10:45:48.500Z, 4767, 0, 6474, 6417, 6573
CRAWLED, url#118, puppeteer, 2024-07-26T10:45:42.082Z, 1283, 550, -54, undefined, 6573
CRAWLED, url#118, OpenWPM, 2024-07-26T10:45:48.560Z, 5801, 48, 6514, 6477, 6573
STATUS NEWURL, url#119 b-msedge.net, , 2024-07-26T10:46:01.640Z
CRAWLED, url#119, puppeteer_HL, 2024-07-26T10:46:01.640Z, 1327, 555, -59, undefined, 6864
CRAWLED, url#119, OpenWPM_HL, 2024-07-26T10:46:08.389Z, 4754, 0, 6805, 6748, 6864
CRAWLED, url#119, puppeteer, 2024-07-26T10:46:01.640Z, 1753, 550, -54, undefined, 6864
CRAWLED, url#119, OpenWPM, 2024-07-26T10:46:07.656Z, 5868, 48, 6052, 6015, 6864
STATUS NEWURL, url#120 t-mobile.com, , 2024-07-26T10:46:21.562Z
CRAWLED, url#120, puppeteer_HL, 2024-07-26T10:46:33.531Z, 928, 555, 11911, 11969, 7304
CRAWLED, url#120, OpenWPM_HL, 2024-07-26T10:46:28.044Z, 4877, 0, 6539, 6482, 7304
CRAWLED, url#120, puppeteer, 2024-07-26T10:46:35.265Z, 1238, 550, 13650, 13703, 7304
CRAWLED, url#120, OpenWPM, 2024-07-26T10:46:27.871Z, 5989, 48, 6346, 6309, 7304
STATUS NEWURL, url#121 github.io, , 2024-07-26T10:46:51.246Z
ERROR, disconnect, puppeteer, 2024-07-26T10:46:56.170Z
STATUS, connected, puppeteer, 2024-07-26T10:47:39.750Z
CRAWLED, url#121, puppeteer_HL, 2024-07-26T10:47:46.302Z, 752, 555, 6492, 6550, 446
CRAWLED, url#121, OpenWPM_HL, 2024-07-26T10:47:46.503Z, 5238, 0, 6808, 6751, 446
CRAWLED, url#121, OpenWPM, 2024-07-26T10:47:46.653Z, 6496, 48, 6938, 6901, 446
CRAWLED, url#121, puppeteer, 2024-07-26T10:47:46.291Z, 1549, 0, 6539, 6539, 446
STATUS NEWURL, url#122 aiv-cdn.net, , 2024-07-26T10:48:14.817Z
CRAWLED, url#122, puppeteer_HL, 2024-07-26T10:48:14.817Z, 1231, 555, -59, undefined, 6937
CRAWLED, url#122, OpenWPM_HL, 2024-07-26T10:48:21.639Z, 5059, 0, 6878, 6821, 6937
CRAWLED, url#122, OpenWPM, 2024-07-26T10:48:21.204Z, 5750, 48, 6423, 6386, 6937
CRAWLED, url#122, puppeteer, 2024-07-26T10:48:14.817Z, 1363, 0, -1, undefined, 6937
STATUS NEWURL, url#123 rbxcdn.com, , 2024-07-26T10:48:44.814Z
CRAWLED, url#123, puppeteer_HL, 2024-07-26T10:48:44.813Z, 1277, 555, -59, undefined, 7364
CRAWLED, url#123, OpenWPM_HL, 2024-07-26T10:48:52.062Z, 5643, 0, 7305, 7248, 7364
CRAWLED, url#123, OpenWPM, 2024-07-26T10:48:51.662Z, 6505, 48, 6885, 6848, 7364
CRAWLED, url#123, puppeteer, 2024-07-26T10:48:44.813Z, 1586, 0, -1, undefined, 7364
STATUS NEWURL, url#124 msftncsi.com, , 2024-07-26T10:49:05.264Z
CRAWLED, url#124, puppeteer_HL, 2024-07-26T10:49:05.263Z, 883, 555, -59, undefined, 6915
CRAWLED, url#124, OpenWPM_HL, 2024-07-26T10:49:12.063Z, 5170, 0, 6856, 6799, 6915
CRAWLED, url#124, OpenWPM, 2024-07-26T10:49:11.885Z, 6312, 48, 6658, 6621, 6915
CRAWLED, url#124, puppeteer, 2024-07-26T10:49:05.263Z, 1138, 0, -1, undefined, 6915
STATUS NEWURL, url#125 rocket-cdn.com, , 2024-07-26T10:49:35.092Z
CRAWLED, url#125, puppeteer_HL, 2024-07-26T10:49:35.091Z, 1175, 555, -59, undefined, 6464
CRAWLED, url#125, OpenWPM_HL, 2024-07-26T10:49:41.440Z, 4550, 0, 6405, 6348, 6464
CRAWLED, url#125, OpenWPM, 2024-07-26T10:49:41.302Z, 5788, 48, 6247, 6210, 6464
CRAWLED, url#125, puppeteer, 2024-07-26T10:49:35.091Z, 1581, 0, -1, undefined, 6464
STATUS NEWURL, url#126 vk.com, , 2024-07-26T10:50:04.623Z
CRAWLED, url#126, puppeteer_HL, 2024-07-26T10:50:16.023Z, 802, 555, 11341, 11399, 4582
CRAWLED, url#126, OpenWPM_HL, 2024-07-26T10:50:11.565Z, 5869, 0, 6998, 6941, 4582
CRAWLED, url#126, OpenWPM, 2024-07-26T10:50:11.346Z, 6517, 48, 6759, 6722, 4582
CRAWLED, url#126, puppeteer, 2024-07-26T10:50:15.479Z, 1570, 0, 10855, 10855, 4582
STATUS NEWURL, url#127 sentry.io, , 2024-07-26T10:50:40.024Z
CRAWLED, url#127, puppeteer_HL, 2024-07-26T10:50:48.621Z, 934, 555, 8538, 8596, 1705
CRAWLED, url#127, OpenWPM_HL, 2024-07-26T10:50:47.566Z, 5947, 0, 7598, 7541, 1705
CRAWLED, url#127, OpenWPM, 2024-07-26T10:50:46.821Z, 6310, 48, 6833, 6796, 1705
CRAWLED, url#127, puppeteer, 2024-07-26T10:50:48.006Z, 1371, 0, 7981, 7981, 1705
STATUS NEWURL, url#128 webex.com, , 2024-07-26T10:51:20.756Z
STATUS NEWURL, url#128 webex.com, , 2024-07-26T10:52:26.924Z
ERROR TIMEOUT#1 visiting #128, undefined, 2024-07-26T10:52:26.924Z
ERROR TIMEOUT#0 visiting #129, undefined, 2024-07-26T10:53:33.742Z
STATUS SKIPURL, url#128, webex.com, 2024-07-26T10:53:33.743Z
STATUS NEWURL, url#129 ui.com, , 2024-07-26T10:53:33.743Z
CRAWLED, url#129, puppeteer_HL, 2024-07-26T10:53:44.636Z, 989, 555, 10835, 10893, 4755
CRAWLED, url#129, OpenWPM_HL, 2024-07-26T10:53:40.508Z, 5391, 0, 6822, 6765, 4755
CRAWLED, url#129, OpenWPM, 2024-07-26T10:53:40.149Z, 6084, 48, 6443, 6406, 4755
CRAWLED, url#129, puppeteer, 2024-07-26T10:53:44.941Z, 1512, 0, 11198, 11198, 4755
STATUS NEWURL, url#130 bytefcdn-ttpeu.com, , 2024-07-26T10:54:03.325Z
CRAWLED, url#130, puppeteer_HL, 2024-07-26T10:54:03.324Z, 713, 555, -59, undefined, 6987
CRAWLED, url#130, OpenWPM_HL, undefined, 5433, undefined, undefined, 7366, 6987
CRAWLED, url#130, OpenWPM, 2024-07-26T10:54:10.216Z, 6445, 48, 6928, 6891, 6987
CRAWLED, url#130, puppeteer, 2024-07-26T10:54:03.324Z, 1530, 0, -1, undefined, 6987
STATUS NEWURL, url#131 pki.goog, , 2024-07-26T10:54:23.396Z
CRAWLED, url#131, puppeteer_HL, 2024-07-26T10:54:31.409Z, 1335, 555, 7955, 8013, 1229
CRAWLED, url#131, OpenWPM_HL, 2024-07-26T10:54:30.065Z, 5049, 0, 6726, 6669, 1229
CRAWLED, url#131, OpenWPM, 2024-07-26T10:54:30.385Z, 6481, 48, 7026, 6989, 1229
CRAWLED, url#131, puppeteer, 2024-07-26T10:54:30.858Z, 1305, 0, 7462, 7462, 1229
STATUS NEWURL, url#132 dns.google, , 2024-07-26T10:54:48.570Z